iteration,trial_id,score,config
1937,d122a2fa,0.6952535059331176,"{'batch_size': 128, 'num_CL': 4, 'size_CL': 9, 'kernel': 2, 'num_HL': 3, 'latent_dim': 107, 'opt_lr': 2.34372812026677e-05, 'opt_wd': 6.4912393663301375e-06}"
5558,a1091d30,0.6483279395900755,"{'batch_size': 64, 'num_CL': 4, 'size_CL': 15, 'kernel': 3, 'num_HL': 2, 'latent_dim': 50, 'opt_lr': 0.00019807438912078455, 'opt_wd': 5.5236784758196937e-08}"
5793,da333554,0.6014563106796116,"{'batch_size': 64, 'num_CL': 2, 'size_CL': 26, 'kernel': 4, 'num_HL': 2, 'latent_dim': 106, 'opt_lr': 0.00019332067964136402, 'opt_wd': 9.372239846575966e-06}"
6545,e534a044,0.16666666666666669,"{'batch_size': 128, 'num_CL': 3, 'size_CL': 6, 'kernel': 3, 'num_HL': 3, 'latent_dim': 138, 'opt_lr': 0.000625114068048887, 'opt_wd': 2.4695785106709714e-06}"
7311,cc4c6060,0.16666666666666669,"{'batch_size': 128, 'num_CL': 3, 'size_CL': 29, 'kernel': 4, 'num_HL': 3, 'latent_dim': 80, 'opt_lr': 0.00048282762490370454, 'opt_wd': 8.703034242657071e-06}"
7361,bbac225d,-0.1,"{'batch_size': 128, 'num_CL': 3, 'size_CL': 31, 'kernel': 2, 'num_HL': 3, 'latent_dim': 108, 'opt_lr': 0.0005495223617502321, 'opt_wd': 4.95417727916941e-06}"
7418,3ba610f8,-0.1,"{'batch_size': 128, 'num_CL': 3, 'size_CL': 31, 'kernel': 2, 'num_HL': 4, 'latent_dim': 151, 'opt_lr': 0.00034163079235945923, 'opt_wd': 7.702764813480707e-06}"
9316,c12e80a8,0.16666666666666669,"{'batch_size': 64, 'num_CL': 3, 'size_CL': 13, 'kernel': 4, 'num_HL': 4, 'latent_dim': 69, 'opt_lr': 0.0005008011470685245, 'opt_wd': 1.7839556400091029e-06}"
17033,b6016eef,0.7030744336569579,"{'batch_size': 128, 'num_CL': 2, 'size_CL': 10, 'kernel': 4, 'num_HL': 3, 'latent_dim': 162, 'opt_lr': 8.110722681409413e-05, 'opt_wd': 2.7403905878664316e-06}"
17079,4c3fe375,-0.1,"{'batch_size': 128, 'num_CL': 3, 'size_CL': 23, 'kernel': 4, 'num_HL': 3, 'latent_dim': 67, 'opt_lr': 1.5901203980934607e-05, 'opt_wd': 9.827653951620273e-06}"
18213,b9eed162,0.16666666666666669,"{'batch_size': 64, 'num_CL': 2, 'size_CL': 17, 'kernel': 3, 'num_HL': 2, 'latent_dim': 151, 'opt_lr': 0.0001356599506085025, 'opt_wd': 4.620745928072548e-06}"
23481,8316e374,0.6489751887810141,"{'batch_size': 64, 'num_CL': 2, 'size_CL': 10, 'kernel': 3, 'num_HL': 2, 'latent_dim': 46, 'opt_lr': 9.88964278779413e-05, 'opt_wd': 8.610364396219835e-06}"
25417,0c3f7e6d,0.6394822006472491,"{'batch_size': 64, 'num_CL': 4, 'size_CL': 10, 'kernel': 3, 'num_HL': 4, 'latent_dim': 102, 'opt_lr': 1.4150923760060397e-05, 'opt_wd': 9.266901103549661e-06}"
31686,317f9e86,0.6116504854368932,"{'batch_size': 64, 'num_CL': 2, 'size_CL': 17, 'kernel': 4, 'num_HL': 2, 'latent_dim': 159, 'opt_lr': 4.0172300696015214e-05, 'opt_wd': 4.696196528707168e-06}"
31736,847bf3e0,-0.1,"{'batch_size': 128, 'num_CL': 4, 'size_CL': 26, 'kernel': 4, 'num_HL': 3, 'latent_dim': 85, 'opt_lr': 1.9824140784254607e-05, 'opt_wd': 5.315554260039346e-07}"
37038,b20d6d3e,-0.1,"{'batch_size': 128, 'num_CL': 3, 'size_CL': 19, 'kernel': 3, 'num_HL': 3, 'latent_dim': 70, 'opt_lr': 0.0007867044820890663, 'opt_wd': 8.738551228817633e-06}"
37084,8c680576,-0.1,"{'batch_size': 128, 'num_CL': 3, 'size_CL': 20, 'kernel': 3, 'num_HL': 4, 'latent_dim': 167, 'opt_lr': 0.00021858933639385588, 'opt_wd': 3.952207438958305e-06}"
37131,e6a54f55,-0.1,"{'batch_size': 128, 'num_CL': 3, 'size_CL': 22, 'kernel': 3, 'num_HL': 4, 'latent_dim': 18, 'opt_lr': 0.0008730328871479037, 'opt_wd': 8.541970454325215e-06}"
37175,bc026872,-0.1,"{'batch_size': 128, 'num_CL': 4, 'size_CL': 24, 'kernel': 3, 'num_HL': 3, 'latent_dim': 161, 'opt_lr': 2.9335645652404363e-05, 'opt_wd': 7.710529934767998e-06}"
41685,38bb9ebe,0.5987055016181231,"{'batch_size': 64, 'num_CL': 4, 'size_CL': 26, 'kernel': 2, 'num_HL': 2, 'latent_dim': 110, 'opt_lr': 1.1855906923340317e-05, 'opt_wd': 7.118776220135573e-06}"
42882,d0dd9689,0.16666666666666669,"{'batch_size': 128, 'num_CL': 2, 'size_CL': 3, 'kernel': 2, 'num_HL': 3, 'latent_dim': 179, 'opt_lr': 6.209277462523077e-05, 'opt_wd': 6.273279221070391e-06}"
43509,f120cee3,0.5043149946062568,"{'batch_size': 128, 'num_CL': 2, 'size_CL': 6, 'kernel': 2, 'num_HL': 3, 'latent_dim': 129, 'opt_lr': 5.092886436413444e-05, 'opt_wd': 3.0607771058831223e-06}"
44510,0d24f81f,0.5572815533980583,"{'batch_size': 128, 'num_CL': 4, 'size_CL': 4, 'kernel': 4, 'num_HL': 3, 'latent_dim': 19, 'opt_lr': 2.7867463021525393e-05, 'opt_wd': 6.182398516384942e-06}"
46357,4d48ebcd,0.5719525350593312,"{'batch_size': 128, 'num_CL': 2, 'size_CL': 13, 'kernel': 2, 'num_HL': 4, 'latent_dim': 121, 'opt_lr': 2.5583090489020586e-05, 'opt_wd': 1.3332911727879996e-06}"
50853,d56b40ae,0.5511326860841423,"{'batch_size': 128, 'num_CL': 4, 'size_CL': 10, 'kernel': 2, 'num_HL': 3, 'latent_dim': 131, 'opt_lr': 7.93713487368847e-05, 'opt_wd': 6.1554162249393815e-06}"
52092,18d0999e,0.16666666666666669,"{'batch_size': 128, 'num_CL': 2, 'size_CL': 8, 'kernel': 4, 'num_HL': 3, 'latent_dim': 142, 'opt_lr': 0.00011841867307856367, 'opt_wd': 5.42864158238542e-06}"
53496,f2ef2663,0.36947141316073356,"{'batch_size': 128, 'num_CL': 4, 'size_CL': 13, 'kernel': 4, 'num_HL': 2, 'latent_dim': 37, 'opt_lr': 6.200079291629442e-05, 'opt_wd': 2.4520334143793758e-06}"
55537,72be593d,0.16666666666666669,"{'batch_size': 128, 'num_CL': 4, 'size_CL': 7, 'kernel': 2, 'num_HL': 3, 'latent_dim': 172, 'opt_lr': 3.9125641388399174e-05, 'opt_wd': 3.6177900964942903e-06}"
62072,f4c13b30,0.5227615965480044,"{'batch_size': 128, 'num_CL': 2, 'size_CL': 4, 'kernel': 2, 'num_HL': 4, 'latent_dim': 97, 'opt_lr': 1.9999441086632103e-05, 'opt_wd': 3.734632127091896e-06}"
62798,806a77e9,0.5421251348435814,"{'batch_size': 128, 'num_CL': 2, 'size_CL': 2, 'kernel': 4, 'num_HL': 2, 'latent_dim': 116, 'opt_lr': 0.00028755345458001227, 'opt_wd': 1.0437092928264059e-06}"
64055,45bb892d,0.16666666666666669,"{'batch_size': 128, 'num_CL': 3, 'size_CL': 15, 'kernel': 2, 'num_HL': 2, 'latent_dim': 143, 'opt_lr': 0.00015717376441002547, 'opt_wd': 7.009118470253776e-06}"
64638,2ef7b918,0.6534519956850053,"{'batch_size': 128, 'num_CL': 4, 'size_CL': 11, 'kernel': 3, 'num_HL': 3, 'latent_dim': 179, 'opt_lr': 1.057019828331155e-05, 'opt_wd': 5.558256733866538e-06}"
67710,c3d87029,0.6522114347357066,"{'batch_size': 64, 'num_CL': 3, 'size_CL': 8, 'kernel': 4, 'num_HL': 3, 'latent_dim': 7, 'opt_lr': 8.496232654055485e-05, 'opt_wd': 2.4714957323557794e-06}"
69570,386063dc,0.5639158576051779,"{'batch_size': 128, 'num_CL': 3, 'size_CL': 15, 'kernel': 3, 'num_HL': 4, 'latent_dim': 123, 'opt_lr': 0.00019398955565274313, 'opt_wd': 1.389498121990192e-07}"
75945,6db3cec2,0.6472491909385114,"{'batch_size': 128, 'num_CL': 4, 'size_CL': 12, 'kernel': 2, 'num_HL': 3, 'latent_dim': 61, 'opt_lr': 0.00026951112310061017, 'opt_wd': 2.781993482193634e-06}"
81871,3577923f,0.5526429341963323,"{'batch_size': 64, 'num_CL': 3, 'size_CL': 9, 'kernel': 4, 'num_HL': 3, 'latent_dim': 81, 'opt_lr': 5.3084357263770815e-05, 'opt_wd': 1.8648334253265693e-06}"
85656,3cf227f7,0.7001078748651565,"{'batch_size': 128, 'num_CL': 2, 'size_CL': 5, 'kernel': 3, 'num_HL': 3, 'latent_dim': 93, 'opt_lr': 4.019694354475258e-05, 'opt_wd': 4.423995553463691e-06}"
87077,b7034d7c,0.575782092772384,"{'batch_size': 128, 'num_CL': 2, 'size_CL': 5, 'kernel': 3, 'num_HL': 3, 'latent_dim': 90, 'opt_lr': 3.998804909415661e-05, 'opt_wd': 4.1722642832584196e-06}"
88453,20082e33,0.6235167206040992,"{'batch_size': 128, 'num_CL': 2, 'size_CL': 7, 'kernel': 4, 'num_HL': 2, 'latent_dim': 53, 'opt_lr': 7.745497738854967e-05, 'opt_wd': 3.354578899334389e-06}"
88528,e37410d1,0.5829018338727077,"{'batch_size': 128, 'num_CL': 3, 'size_CL': 15, 'kernel': 4, 'num_HL': 4, 'latent_dim': 151, 'opt_lr': 2.0308620138418033e-05, 'opt_wd': 5.413067495227054e-06}"
89510,b56332a8,0.16666666666666669,"{'batch_size': 64, 'num_CL': 2, 'size_CL': 2, 'kernel': 3, 'num_HL': 3, 'latent_dim': 35, 'opt_lr': 0.00014655688394204838, 'opt_wd': 4.242619601675617e-06}"
89568,9603dd61,-0.1,"{'batch_size': 64, 'num_CL': 2, 'size_CL': 29, 'kernel': 3, 'num_HL': 4, 'latent_dim': 98, 'opt_lr': 0.00039849472821969434, 'opt_wd': 8.731348576318742e-07}"
93345,6e724809,0.488673139158576,"{'batch_size': 128, 'num_CL': 2, 'size_CL': 19, 'kernel': 4, 'num_HL': 2, 'latent_dim': 3, 'opt_lr': 3.2934616125949705e-05, 'opt_wd': 1.8387556418953555e-06}"
95299,4ed6d082,0.5668824163969796,"{'batch_size': 128, 'num_CL': 2, 'size_CL': 12, 'kernel': 4, 'num_HL': 2, 'latent_dim': 73, 'opt_lr': 5.040385001524042e-05, 'opt_wd': 2.2154284599710805e-06}"
99727,e0531d5c,0.6148867313915858,"{'batch_size': 128, 'num_CL': 2, 'size_CL': 5, 'kernel': 3, 'num_HL': 3, 'latent_dim': 112, 'opt_lr': 0.0001072753204375008, 'opt_wd': 5.007822491519239e-06}"
106723,c8c8642c,0.5862998921251349,"{'batch_size': 128, 'num_CL': 2, 'size_CL': 9, 'kernel': 3, 'num_HL': 4, 'latent_dim': 59, 'opt_lr': 6.530815115728929e-05, 'opt_wd': 6.753097631837022e-06}"
107801,661288c4,0.6828478964401294,"{'batch_size': 128, 'num_CL': 2, 'size_CL': 3, 'kernel': 3, 'num_HL': 2, 'latent_dim': 134, 'opt_lr': 0.0001658327162384587, 'opt_wd': 4.687958981375229e-06}"
111747,1ee889ef,0.6492448759439051,"{'batch_size': 64, 'num_CL': 2, 'size_CL': 6, 'kernel': 4, 'num_HL': 3, 'latent_dim': 38, 'opt_lr': 9.804111811703025e-05, 'opt_wd': 1.348837687262548e-06}"
111793,17e9974d,-0.1,"{'batch_size': 128, 'num_CL': 3, 'size_CL': 18, 'kernel': 3, 'num_HL': 4, 'latent_dim': 28, 'opt_lr': 0.00012543792004361055, 'opt_wd': 7.614740886236111e-06}"
111837,80fcdb04,-0.1,"{'batch_size': 128, 'num_CL': 2, 'size_CL': 22, 'kernel': 2, 'num_HL': 3, 'latent_dim': 156, 'opt_lr': 0.00024128496859911894, 'opt_wd': 5.754360807944629e-06}"
112117,99cdd5e3,0.6722761596548004,"{'batch_size': 64, 'num_CL': 2, 'size_CL': 16, 'kernel': 4, 'num_HL': 3, 'latent_dim': 105, 'opt_lr': 1.6278448190620737e-05, 'opt_wd': 3.0761835255072263e-06}"
113471,166ee5cf,0.1715210355987055,"{'batch_size': 64, 'num_CL': 2, 'size_CL': 14, 'kernel': 2, 'num_HL': 2, 'latent_dim': 48, 'opt_lr': 4.430443422482352e-05, 'opt_wd': 3.1469721009493775e-06}"
114449,0dc19b63,0.16666666666666669,"{'batch_size': 128, 'num_CL': 3, 'size_CL': 8, 'kernel': 3, 'num_HL': 3, 'latent_dim': 78, 'opt_lr': 0.0006859480014949443, 'opt_wd': 5.10743351883768e-06}"
115985,83c9a8b6,0.5569039913700108,"{'batch_size': 128, 'num_CL': 2, 'size_CL': 3, 'kernel': 4, 'num_HL': 4, 'latent_dim': 88, 'opt_lr': 1.3464239414110546e-05, 'opt_wd': 7.433629449083149e-06}"
117108,5ee8ed23,0.5938511326860841,"{'batch_size': 128, 'num_CL': 3, 'size_CL': 11, 'kernel': 2, 'num_HL': 3, 'latent_dim': 174, 'opt_lr': 6.882368352321492e-05, 'opt_wd': 4.41198750872171e-06}"
118733,5cfda87a,0.598705501618123,"{'batch_size': 64, 'num_CL': 2, 'size_CL': 5, 'kernel': 3, 'num_HL': 3, 'latent_dim': 146, 'opt_lr': 2.227078273063462e-05, 'opt_wd': 8.342264135597596e-06}"
119572,f29ec7d3,0.16666666666666669,"{'batch_size': 128, 'num_CL': 2, 'size_CL': 7, 'kernel': 4, 'num_HL': 2, 'latent_dim': 121, 'opt_lr': 0.00042281662561717597, 'opt_wd': 9.87357978523924e-06}"
119701,0cffc5cb,-0.1,"{'batch_size': 128, 'num_CL': 2, 'size_CL': 28, 'kernel': 2, 'num_HL': 4, 'latent_dim': 95, 'opt_lr': 9.101015565327275e-05, 'opt_wd': 3.848516032895575e-06}"
121072,489163c4,-0.1,"{'batch_size': 128, 'num_CL': 2, 'size_CL': 11, 'kernel': 4, 'num_HL': 3, 'latent_dim': 168, 'opt_lr': 3.339920430551578e-05, 'opt_wd': 4.31974071770838e-07}"
121130,eddce88b,-0.1,"{'batch_size': 128, 'num_CL': 3, 'size_CL': 32, 'kernel': 4, 'num_HL': 3, 'latent_dim': 162, 'opt_lr': 1.0365320105575156e-05, 'opt_wd': 1.5521082145886666e-06}"
121484,e93e608c,0.5190399137001079,"{'batch_size': 128, 'num_CL': 3, 'size_CL': 20, 'kernel': 3, 'num_HL': 3, 'latent_dim': 16, 'opt_lr': 1.597652595035981e-05, 'opt_wd': 5.834384708898403e-06}"
123853,ae0ecab6,0.5124056094929881,"{'batch_size': 128, 'num_CL': 2, 'size_CL': 14, 'kernel': 2, 'num_HL': 4, 'latent_dim': 138, 'opt_lr': 2.5002945890364392e-05, 'opt_wd': 3.5393908351234706e-06}"
125603,beaa2cc6,0.568015102481122,"{'batch_size': 128, 'num_CL': 2, 'size_CL': 24, 'kernel': 4, 'num_HL': 3, 'latent_dim': 65, 'opt_lr': 0.0009806402646801169, 'opt_wd': 2.754412730460712e-06}"
126003,1fc5f8eb,0.6835490830636461,"{'batch_size': 64, 'num_CL': 2, 'size_CL': 9, 'kernel': 3, 'num_HL': 2, 'latent_dim': 126, 'opt_lr': 3.388112714249755e-05, 'opt_wd': 2.1578171257189794e-06}"
131537,a66060f7,0.5745415318230852,"{'batch_size': 128, 'num_CL': 3, 'size_CL': 4, 'kernel': 3, 'num_HL': 3, 'latent_dim': 114, 'opt_lr': 0.00017729414502563038, 'opt_wd': 9.283984873612673e-06}"
134476,9772dfd7,0.5216828478964401,"{'batch_size': 128, 'num_CL': 4, 'size_CL': 6, 'kernel': 2, 'num_HL': 3, 'latent_dim': 76, 'opt_lr': 5.6700507286570405e-05, 'opt_wd': 8.032518942604282e-06}"
135038,63d4a8bc,-0.1,"{'batch_size': 128, 'num_CL': 4, 'size_CL': 10, 'kernel': 2, 'num_HL': 3, 'latent_dim': 109, 'opt_lr': 1.1857303969553125e-05, 'opt_wd': 6.507480905430604e-06}"
135077,0ba842be,-0.1,"{'batch_size': 128, 'num_CL': 4, 'size_CL': 16, 'kernel': 2, 'num_HL': 3, 'latent_dim': 82, 'opt_lr': 4.7897119399343655e-05, 'opt_wd': 5.272811187770265e-06}"
136049,521801f5,-0.1,"{'batch_size': 128, 'num_CL': 4, 'size_CL': 8, 'kernel': 2, 'num_HL': 3, 'latent_dim': 94, 'opt_lr': 2.4961556199859916e-05, 'opt_wd': 8.993764931512835e-06}"
136086,a47b395d,-0.1,"{'batch_size': 128, 'num_CL': 3, 'size_CL': 13, 'kernel': 3, 'num_HL': 3, 'latent_dim': 87, 'opt_lr': 3.719389392959778e-05, 'opt_wd': 7.245765710624153e-06}"
143308,e008982f,0.4899676375404531,"{'batch_size': 128, 'num_CL': 4, 'size_CL': 12, 'kernel': 2, 'num_HL': 3, 'latent_dim': 104, 'opt_lr': 1.7957943684397387e-05, 'opt_wd': 6.70429458221224e-06}"
143629,70578d34,-0.1,"{'batch_size': 128, 'num_CL': 4, 'size_CL': 10, 'kernel': 3, 'num_HL': 3, 'latent_dim': 117, 'opt_lr': 7.31282707466637e-05, 'opt_wd': 5.914809062027175e-06}"
147283,ea2450a6,0.16666666666666669,"{'batch_size': 128, 'num_CL': 4, 'size_CL': 2, 'kernel': 2, 'num_HL': 3, 'latent_dim': 135, 'opt_lr': 0.00011144563920864946, 'opt_wd': 4.789933418586445e-06}"
156603,9eccce05,0.7079827400215749,"{'batch_size': 128, 'num_CL': 3, 'size_CL': 7, 'kernel': 4, 'num_HL': 3, 'latent_dim': 56, 'opt_lr': 2.818758868851714e-05, 'opt_wd': 4.130226478852269e-06}"
157888,32c3743a,0.551779935275081,"{'batch_size': 128, 'num_CL': 3, 'size_CL': 7, 'kernel': 4, 'num_HL': 3, 'latent_dim': 42, 'opt_lr': 3.0308377568757206e-05, 'opt_wd': 4.003612868682662e-06}"
159425,bbdeec40,0.5026968716289104,"{'batch_size': 128, 'num_CL': 2, 'size_CL': 4, 'kernel': 3, 'num_HL': 3, 'latent_dim': 99, 'opt_lr': 5.6679811350801943e-05, 'opt_wd': 4.541679540650608e-06}"
165617,febe5e42,0.591477885652643,"{'batch_size': 64, 'num_CL': 3, 'size_CL': 9, 'kernel': 4, 'num_HL': 2, 'latent_dim': 55, 'opt_lr': 4.1866666622996064e-05, 'opt_wd': 2.8995616583855755e-06}"
174071,823c2199,0.6017259978425027,"{'batch_size': 128, 'num_CL': 3, 'size_CL': 5, 'kernel': 4, 'num_HL': 3, 'latent_dim': 15, 'opt_lr': 0.000134811940317564, 'opt_wd': 2.224001558366599e-06}"
174892,d05a7eb8,0.6116504854368932,"{'batch_size': 128, 'num_CL': 3, 'size_CL': 6, 'kernel': 4, 'num_HL': 3, 'latent_dim': 26, 'opt_lr': 1.3990379796105134e-05, 'opt_wd': 3.398492408563487e-06}"
174933,67a35aa9,-0.1,"{'batch_size': 128, 'num_CL': 3, 'size_CL': 14, 'kernel': 4, 'num_HL': 4, 'latent_dim': 24, 'opt_lr': 2.1303199073647336e-05, 'opt_wd': 9.764553266707428e-07}"
175462,f2fad964,0.61596548004315,"{'batch_size': 128, 'num_CL': 3, 'size_CL': 3, 'kernel': 4, 'num_HL': 3, 'latent_dim': 64, 'opt_lr': 2.8571408175489357e-05, 'opt_wd': 2.527079018769069e-06}"
179506,66a22e09,0.6590075512405609,"{'batch_size': 128, 'num_CL': 3, 'size_CL': 11, 'kernel': 4, 'num_HL': 3, 'latent_dim': 50, 'opt_lr': 8.52973889802191e-05, 'opt_wd': 7.014652963203693e-07}"
182956,2508ae7d,0.6896440129449839,"{'batch_size': 64, 'num_CL': 3, 'size_CL': 8, 'kernel': 4, 'num_HL': 2, 'latent_dim': 9, 'opt_lr': 1.8153982360203275e-05, 'opt_wd': 4.174196107865101e-06}"
183634,38394a8f,-0.1,"{'batch_size': 128, 'num_CL': 2, 'size_CL': 10, 'kernel': 4, 'num_HL': 3, 'latent_dim': 31, 'opt_lr': 4.659684554367951e-05, 'opt_wd': 3.2700027502793316e-06}"
183665,ddb13d9b,-0.1,"{'batch_size': 128, 'num_CL': 2, 'size_CL': 16, 'kernel': 4, 'num_HL': 3, 'latent_dim': 42, 'opt_lr': 5.9095669398836243e-05, 'opt_wd': 1.5101418976827594e-06}"
185016,f1f8ee89,0.6192556634304208,"{'batch_size': 64, 'num_CL': 2, 'size_CL': 6, 'kernel': 4, 'num_HL': 4, 'latent_dim': 59, 'opt_lr': 3.7341219684282396e-05, 'opt_wd': 4.921104605039761e-06}"
185617,96554878,0.6031823085221143,"{'batch_size': 128, 'num_CL': 3, 'size_CL': 18, 'kernel': 4, 'num_HL': 4, 'latent_dim': 69, 'opt_lr': 0.00021425127636284463, 'opt_wd': 3.71159870820568e-06}"
186784,03cb0a86,0.5744336569579287,"{'batch_size': 128, 'num_CL': 2, 'size_CL': 2, 'kernel': 4, 'num_HL': 3, 'latent_dim': 42, 'opt_lr': 7.23698469595848e-05, 'opt_wd': 5.196159609621781e-06}"
189701,237ac77a,0.6992988133764833,"{'batch_size': 128, 'num_CL': 3, 'size_CL': 4, 'kernel': 4, 'num_HL': 2, 'latent_dim': 54, 'opt_lr': 0.00029769450158394884, 'opt_wd': 6.111086328280674e-06}"
189775,fb9e4ca2,-0.1,"{'batch_size': 64, 'num_CL': 3, 'size_CL': 12, 'kernel': 3, 'num_HL': 3, 'latent_dim': 155, 'opt_lr': 9.297242543020549e-05, 'opt_wd': 4.3984555950865594e-06}"
191824,31bd96f1,0.5383495145631068,"{'batch_size': 128, 'num_CL': 2, 'size_CL': 5, 'kernel': 4, 'num_HL': 4, 'latent_dim': 84, 'opt_lr': 2.695720494665034e-05, 'opt_wd': 2.0903222500412147e-06}"
202109,69960c32,-0.1,"{'batch_size': 128, 'num_CL': 3, 'size_CL': 12, 'kernel': 4, 'num_HL': 2, 'latent_dim': 147, 'opt_lr': 0.00010468927738530692, 'opt_wd': 5.188905016276857e-08}"
212158,d233922c,0.6674217907227616,"{'batch_size': 128, 'num_CL': 2, 'size_CL': 7, 'kernel': 4, 'num_HL': 3, 'latent_dim': 75, 'opt_lr': 1.2606963482987172e-05, 'opt_wd': 5.637921531084965e-06}"
213209,af01b54d,0.5853290183387271,"{'batch_size': 128, 'num_CL': 3, 'size_CL': 3, 'kernel': 3, 'num_HL': 3, 'latent_dim': 22, 'opt_lr': 3.110913800503147e-05, 'opt_wd': 3.081924442909795e-07}"
215629,d0572faf,-0.1,"{'batch_size': 128, 'num_CL': 2, 'size_CL': 11, 'kernel': 4, 'num_HL': 3, 'latent_dim': 71, 'opt_lr': 2.324117467102919e-05, 'opt_wd': 2.8733964096407418e-06}"
223766,a45c8890,0.6629449838187702,"{'batch_size': 64, 'num_CL': 2, 'size_CL': 21, 'kernel': 4, 'num_HL': 3, 'latent_dim': 174, 'opt_lr': 6.358358615077571e-05, 'opt_wd': 3.978631037015668e-06}"
225614,a0652830,0.5840345199568501,"{'batch_size': 128, 'num_CL': 2, 'size_CL': 9, 'kernel': 3, 'num_HL': 2, 'latent_dim': 101, 'opt_lr': 0.00012475305517078565, 'opt_wd': 9.596078259823487e-06}"
225653,f4b7b62f,-0.1,"{'batch_size': 128, 'num_CL': 2, 'size_CL': 14, 'kernel': 4, 'num_HL': 3, 'latent_dim': 180, 'opt_lr': 5.3365088144754484e-05, 'opt_wd': 2.5059505229597676e-06}"
225936,892b454a,0.5053937432578209,"{'batch_size': 128, 'num_CL': 3, 'size_CL': 17, 'kernel': 4, 'num_HL': 4, 'latent_dim': 30, 'opt_lr': 1.7900758441940543e-05, 'opt_wd': 5.433275848904763e-06}"
229535,8f49859e,0.578856526429342,"{'batch_size': 64, 'num_CL': 3, 'size_CL': 15, 'kernel': 4, 'num_HL': 3, 'latent_dim': 91, 'opt_lr': 8.063397143491676e-05, 'opt_wd': 3.5100746169577587e-06}"
230776,2c20b359,0.16666666666666669,"{'batch_size': 128, 'num_CL': 2, 'size_CL': 13, 'kernel': 3, 'num_HL': 4, 'latent_dim': 11, 'opt_lr': 0.00014985830568089087, 'opt_wd': 4.3390609837010105e-06}"
231479,b289deb9,0.6318230852211435,"{'batch_size': 128, 'num_CL': 3, 'size_CL': 7, 'kernel': 3, 'num_HL': 3, 'latent_dim': 165, 'opt_lr': 0.0005586816806039829, 'opt_wd': 1.1400606162714685e-06}"
238761,d8728377,0.5437432578209277,"{'batch_size': 128, 'num_CL': 2, 'size_CL': 18, 'kernel': 4, 'num_HL': 2, 'latent_dim': 127, 'opt_lr': 3.508684810725889e-05, 'opt_wd': 6.402131824917912e-06}"
242615,f2ec7e57,0.6950377562028047,"{'batch_size': 128, 'num_CL': 2, 'size_CL': 5, 'kernel': 4, 'num_HL': 3, 'latent_dim': 46, 'opt_lr': 0.00016823519441085637, 'opt_wd': 4.821198784400408e-06}"
244648,1df342e9,0.5955231930960087,"{'batch_size': 64, 'num_CL': 2, 'size_CL': 6, 'kernel': 2, 'num_HL': 4, 'latent_dim': 80, 'opt_lr': 1.4809523140698155e-05, 'opt_wd': 2.0120743555541667e-06}"
254628,a75eab4b,0.16666666666666669,"{'batch_size': 128, 'num_CL': 3, 'size_CL': 8, 'kernel': 3, 'num_HL': 3, 'latent_dim': 34, 'opt_lr': 4.2726892916138954e-05, 'opt_wd': 1.7090790305425032e-06}"
255597,0d6862f4,-0.1,"{'batch_size': 128, 'num_CL': 4, 'size_CL': 10, 'kernel': 4, 'num_HL': 2, 'latent_dim': 57, 'opt_lr': 4.553781349796941e-05, 'opt_wd': 6.9553502644483595e-06}"
255644,f953686d,-0.1,"{'batch_size': 128, 'num_CL': 3, 'size_CL': 27, 'kernel': 4, 'num_HL': 3, 'latent_dim': 107, 'opt_lr': 0.00011552460688947645, 'opt_wd': 6.017882554779922e-06}"
262988,7adac834,0.6947680690399137,"{'batch_size': 128, 'num_CL': 2, 'size_CL': 4, 'kernel': 3, 'num_HL': 3, 'latent_dim': 132, 'opt_lr': 0.00013858537464265727, 'opt_wd': 4.64974606682344e-06}"
271463,147bf03b,-0.1,"{'batch_size': 64, 'num_CL': 4, 'size_CL': 9, 'kernel': 4, 'num_HL': 3, 'latent_dim': 143, 'opt_lr': 2.6437736868057922e-05, 'opt_wd': 3.0627298298139496e-06}"
271503,79cbb538,-0.1,"{'batch_size': 128, 'num_CL': 2, 'size_CL': 24, 'kernel': 2, 'num_HL': 2, 'latent_dim': 67, 'opt_lr': 0.00033444796479667444, 'opt_wd': 2.680505759363268e-06}"
271539,b2fead80,-0.1,"{'batch_size': 128, 'num_CL': 3, 'size_CL': 13, 'kernel': 4, 'num_HL': 3, 'latent_dim': 111, 'opt_lr': 6.831703347635514e-05, 'opt_wd': 2.331961375840395e-06}"
272635,19f3ef1c,0.16666666666666669,"{'batch_size': 128, 'num_CL': 2, 'size_CL': 3, 'kernel': 3, 'num_HL': 3, 'latent_dim': 152, 'opt_lr': 0.00023775739492488198, 'opt_wd': 3.2443320750151687e-06}"
272674,0f57618c,-0.1,"{'batch_size': 128, 'num_CL': 3, 'size_CL': 19, 'kernel': 4, 'num_HL': 4, 'latent_dim': 117, 'opt_lr': 5.165113186929385e-05, 'opt_wd': 4.135852402137566e-06}"
272710,d89cb9ce,-0.1,"{'batch_size': 64, 'num_CL': 2, 'size_CL': 16, 'kernel': 4, 'num_HL': 3, 'latent_dim': 137, 'opt_lr': 1.8857418807939296e-05, 'opt_wd': 1.3122069665316317e-06}"
272761,8af0573a,-0.1,"{'batch_size': 128, 'num_CL': 4, 'size_CL': 30, 'kernel': 3, 'num_HL': 4, 'latent_dim': 3, 'opt_lr': 3.9003545202411354e-05, 'opt_wd': 5.066076069169977e-06}"
291766,c26af9aa,0.6591154261057174,"{'batch_size': 128, 'num_CL': 3, 'size_CL': 7, 'kernel': 2, 'num_HL': 2, 'latent_dim': 50, 'opt_lr': 1.6498982214982183e-05, 'opt_wd': 4.540416772049637e-06}"
291815,901447e4,-0.1,"{'batch_size': 128, 'num_CL': 2, 'size_CL': 25, 'kernel': 4, 'num_HL': 3, 'latent_dim': 171, 'opt_lr': 8.73272335269353e-05, 'opt_wd': 3.538156522607348e-06}"
292712,41deb00e,-0.1,"{'batch_size': 128, 'num_CL': 3, 'size_CL': 8, 'kernel': 3, 'num_HL': 3, 'latent_dim': 40, 'opt_lr': 0.00018460183691917974, 'opt_wd': 7.316077035436681e-07}"
294506,25470e01,0.6047464940668825,"{'batch_size': 64, 'num_CL': 2, 'size_CL': 4, 'kernel': 4, 'num_HL': 3, 'latent_dim': 123, 'opt_lr': 2.099241386861364e-05, 'opt_wd': 5.346415719457723e-06}"
295557,98f48a4f,-0.1,"{'batch_size': 128, 'num_CL': 3, 'size_CL': 10, 'kernel': 2, 'num_HL': 3, 'latent_dim': 74, 'opt_lr': 9.598929781702972e-05, 'opt_wd': 5.70363352725904e-06}"
295594,f986a90c,-0.1,"{'batch_size': 128, 'num_CL': 2, 'size_CL': 11, 'kernel': 4, 'num_HL': 4, 'latent_dim': 93, 'opt_lr': 7.585937276208545e-05, 'opt_wd': 8.035829996105053e-06}"
295626,93e3ca51,-0.1,"{'batch_size': 128, 'num_CL': 3, 'size_CL': 14, 'kernel': 4, 'num_HL': 3, 'latent_dim': 87, 'opt_lr': 1.00459441281709e-05, 'opt_wd': 6.27912366729988e-06}"
297273,3eab31a3,0.5683387270765913,"{'batch_size': 128, 'num_CL': 2, 'size_CL': 6, 'kernel': 3, 'num_HL': 2, 'latent_dim': 20, 'opt_lr': 3.0087071622342638e-05, 'opt_wd': 1.8236379349530793e-06}"
297312,aff873b0,-0.1,"{'batch_size': 128, 'num_CL': 4, 'size_CL': 17, 'kernel': 4, 'num_HL': 3, 'latent_dim': 46, 'opt_lr': 2.2585821577191266e-05, 'opt_wd': 3.7386960406500066e-06}"
304472,a79460f5,0.5332254584681768,"{'batch_size': 64, 'num_CL': 3, 'size_CL': 3, 'kernel': 3, 'num_HL': 3, 'latent_dim': 161, 'opt_lr': 6.216577029735705e-05, 'opt_wd': 2.638683678565415e-06}"
305648,7930f02f,0.6319848975188781,"{'batch_size': 128, 'num_CL': 3, 'size_CL': 2, 'kernel': 3, 'num_HL': 3, 'latent_dim': 62, 'opt_lr': 1.1341794690568632e-05, 'opt_wd': 3.8285723741342226e-06}"
306501,7db62446,0.5960625674217908,"{'batch_size': 128, 'num_CL': 2, 'size_CL': 5, 'kernel': 4, 'num_HL': 3, 'latent_dim': 148, 'opt_lr': 5.5388856446630214e-05, 'opt_wd': 6.625520337827011e-06}"
306578,2732756b,-0.1,"{'batch_size': 128, 'num_CL': 3, 'size_CL': 15, 'kernel': 2, 'num_HL': 2, 'latent_dim': 140, 'opt_lr': 2.462357853912778e-05, 'opt_wd': 3.2928509368404195e-06}"
309246,f4269ad6,0.6784789644012944,"{'batch_size': 128, 'num_CL': 2, 'size_CL': 9, 'kernel': 4, 'num_HL': 3, 'latent_dim': 33, 'opt_lr': 0.00020267520281881175, 'opt_wd': 7.229789224927206e-06}"
309316,f9578ed1,-0.1,"{'batch_size': 64, 'num_CL': 3, 'size_CL': 12, 'kernel': 3, 'num_HL': 3, 'latent_dim': 13, 'opt_lr': 4.8979504707941076e-05, 'opt_wd': 4.0208895682259115e-06}"
309362,9079f272,-0.1,"{'batch_size': 128, 'num_CL': 2, 'size_CL': 22, 'kernel': 4, 'num_HL': 3, 'latent_dim': 38, 'opt_lr': 0.00010566168274000085, 'opt_wd': 1.986044787289256e-06}"
311351,b034a9cb,0.6093311758360302,"{'batch_size': 128, 'num_CL': 3, 'size_CL': 2, 'kernel': 4, 'num_HL': 2, 'latent_dim': 71, 'opt_lr': 1.5001202746097305e-05, 'opt_wd': 1.508038694675226e-06}"
311386,260ecd10,-0.1,"{'batch_size': 128, 'num_CL': 2, 'size_CL': 11, 'kernel': 3, 'num_HL': 4, 'latent_dim': 77, 'opt_lr': 3.7194940908748745e-05, 'opt_wd': 5.547500804478172e-06}"
311632,69a96ecc,0.5539913700107875,"{'batch_size': 128, 'num_CL': 2, 'size_CL': 20, 'kernel': 2, 'num_HL': 4, 'latent_dim': 120, 'opt_lr': 3.3407748783131975e-05, 'opt_wd': 2.915471423489409e-06}"
316337,924b71b7,-0.1,"{'batch_size': 128, 'num_CL': 4, 'size_CL': 8, 'kernel': 4, 'num_HL': 3, 'latent_dim': 102, 'opt_lr': 0.0004608813006923092, 'opt_wd': 4.304426716805241e-06}"
316369,1b8fbd13,-0.1,"{'batch_size': 128, 'num_CL': 2, 'size_CL': 13, 'kernel': 4, 'num_HL': 3, 'latent_dim': 130, 'opt_lr': 0.0001252943134135429, 'opt_wd': 5.413173448704695e-07}"
316438,71fa65e0,0.5833872707659116,"{'batch_size': 64, 'num_CL': 3, 'size_CL': 7, 'kernel': 2, 'num_HL': 2, 'latent_dim': 5, 'opt_lr': 4.13436105692555e-05, 'opt_wd': 4.965265684199486e-06}"
318465,de061a49,0.5769687162891046,"{'batch_size': 128, 'num_CL': 3, 'size_CL': 5, 'kernel': 4, 'num_HL': 3, 'latent_dim': 157, 'opt_lr': 2.8043772254378977e-05, 'opt_wd': 3.436925638308745e-06}"
321785,36b3e8ec,0.5089536138079828,"{'batch_size': 128, 'num_CL': 2, 'size_CL': 6, 'kernel': 3, 'num_HL': 3, 'latent_dim': 64, 'opt_lr': 8.15302201334193e-05, 'opt_wd': 6.9871834164627e-06}"
324201,c3e00874,0.6645091693635383,"{'batch_size': 64, 'num_CL': 2, 'size_CL': 4, 'kernel': 3, 'num_HL': 2, 'latent_dim': 97, 'opt_lr': 0.0007336031008438861, 'opt_wd': 2.3301786452022796e-06}"
328495,6b8c333b,0.651564185544768,"{'batch_size': 128, 'num_CL': 3, 'size_CL': 8, 'kernel': 4, 'num_HL': 3, 'latent_dim': 177, 'opt_lr': 0.0002565962509625782, 'opt_wd': 7.551985366061737e-06}"
328571,0ef111ec,-0.1,"{'batch_size': 128, 'num_CL': 2, 'size_CL': 10, 'kernel': 2, 'num_HL': 4, 'latent_dim': 27, 'opt_lr': 6.930692080182936e-05, 'opt_wd': 5.861436937000502e-06}"
328645,bf154646,-0.1,"{'batch_size': 128, 'num_CL': 3, 'size_CL': 12, 'kernel': 3, 'num_HL': 3, 'latent_dim': 52, 'opt_lr': 0.00015348292136112382, 'opt_wd': 3.0597201893068245e-06}"
331965,27fbe298,0.5215210355987054,"{'batch_size': 128, 'num_CL': 4, 'size_CL': 9, 'kernel': 4, 'num_HL': 4, 'latent_dim': 84, 'opt_lr': 1.294654312704367e-05, 'opt_wd': 1.2309853373611808e-06}"
332831,bbc06d56,0.16666666666666669,"{'batch_size': 128, 'num_CL': 3, 'size_CL': 4, 'kernel': 4, 'num_HL': 3, 'latent_dim': 54, 'opt_lr': 0.000580326663103343, 'opt_wd': 6.173476219571093e-06}"
334060,23272571,0.6026968716289105,"{'batch_size': 128, 'num_CL': 3, 'size_CL': 2, 'kernel': 4, 'num_HL': 2, 'latent_dim': 67, 'opt_lr': 0.000331549453636643, 'opt_wd': 4.748249166863686e-06}"
334530,6f65df8a,0.6346817691477885,"{'batch_size': 128, 'num_CL': 3, 'size_CL': 3, 'kernel': 4, 'num_HL': 2, 'latent_dim': 57, 'opt_lr': 0.00029384574011374795, 'opt_wd': 6.811227960473152e-06}"
339548,99ff5a88,0.6976806903991369,"{'batch_size': 128, 'num_CL': 3, 'size_CL': 7, 'kernel': 4, 'num_HL': 3, 'latent_dim': 23, 'opt_lr': 0.0004982467109266188, 'opt_wd': 5.99912347501655e-06}"
340185,89d38512,0.6302588996763754,"{'batch_size': 128, 'num_CL': 3, 'size_CL': 5, 'kernel': 4, 'num_HL': 3, 'latent_dim': 61, 'opt_lr': 0.0003615972829441487, 'opt_wd': 5.1890754529990986e-06}"
340865,bfa8fbd6,0.16666666666666669,"{'batch_size': 128, 'num_CL': 3, 'size_CL': 6, 'kernel': 4, 'num_HL': 3, 'latent_dim': 80, 'opt_lr': 0.0008774920028721043, 'opt_wd': 3.829831031438247e-06}"
343255,8ef95beb,0.6403991370010786,"{'batch_size': 128, 'num_CL': 3, 'size_CL': 4, 'kernel': 4, 'num_HL': 3, 'latent_dim': 45, 'opt_lr': 0.0009743866359802928, 'opt_wd': 8.241373793244786e-06}"
345411,9921c7d9,0.6753505933117583,"{'batch_size': 128, 'num_CL': 3, 'size_CL': 2, 'kernel': 4, 'num_HL': 2, 'latent_dim': 58, 'opt_lr': 0.0006311756706783765, 'opt_wd': 4.519904362172837e-06}"
347023,00549d1d,0.6544768069039913,"{'batch_size': 128, 'num_CL': 3, 'size_CL': 7, 'kernel': 4, 'num_HL': 3, 'latent_dim': 88, 'opt_lr': 0.0002860774827938088, 'opt_wd': 4.08824533206713e-06}"
348776,5f7f4c95,0.16666666666666669,"{'batch_size': 128, 'num_CL': 3, 'size_CL': 3, 'kernel': 4, 'num_HL': 3, 'latent_dim': 72, 'opt_lr': 0.00023360814383374052, 'opt_wd': 7.784834542600571e-06}"
349445,3d554551,-0.1,"{'batch_size': 128, 'num_CL': 3, 'size_CL': 10, 'kernel': 4, 'num_HL': 2, 'latent_dim': 17, 'opt_lr': 5.851235483756226e-05, 'opt_wd': 5.5110858501738855e-06}"
350252,06a566c3,-0.1,"{'batch_size': 128, 'num_CL': 3, 'size_CL': 9, 'kernel': 4, 'num_HL': 3, 'latent_dim': 37, 'opt_lr': 4.5364056162082995e-05, 'opt_wd': 6.473507084272373e-06}"
354568,12cde4b8,0.6246494066882416,"{'batch_size': 128, 'num_CL': 3, 'size_CL': 5, 'kernel': 4, 'num_HL': 3, 'latent_dim': 48, 'opt_lr': 0.0003961592247498649, 'opt_wd': 8.870019029762402e-06}"
355603,f17d4b20,0.3667745415318231,"{'batch_size': 128, 'num_CL': 3, 'size_CL': 11, 'kernel': 4, 'num_HL': 2, 'latent_dim': 29, 'opt_lr': 0.0001399695090783689, 'opt_wd': 3.6528698321484248e-06}"
364805,1544ebc9,0.5135382955771306,"{'batch_size': 128, 'num_CL': 3, 'size_CL': 6, 'kernel': 4, 'num_HL': 3, 'latent_dim': 112, 'opt_lr': 0.00016236100556005293, 'opt_wd': 7.346833080937222e-06}"
378029,bbd4b8c2,0.6200647249190939,"{'batch_size': 128, 'num_CL': 3, 'size_CL': 8, 'kernel': 4, 'num_HL': 3, 'latent_dim': 52, 'opt_lr': 2.0259832294354737e-05, 'opt_wd': 4.958822960117184e-06}"
382605,ee663f03,0.5485436893203883,"{'batch_size': 64, 'num_CL': 3, 'size_CL': 4, 'kernel': 4, 'num_HL': 3, 'latent_dim': 8, 'opt_lr': 9.687351214841864e-05, 'opt_wd': 5.307691145639294e-06}"
387305,40224197,0.16666666666666669,"{'batch_size': 128, 'num_CL': 4, 'size_CL': 2, 'kernel': 4, 'num_HL': 3, 'latent_dim': 33, 'opt_lr': 0.00019596945949724022, 'opt_wd': 4.6213485383391865e-06}"
388444,b713b7e5,0.5579827400215749,"{'batch_size': 128, 'num_CL': 3, 'size_CL': 6, 'kernel': 4, 'num_HL': 3, 'latent_dim': 44, 'opt_lr': 5.118411395025799e-05, 'opt_wd': 6.1595341985862804e-06}"
390469,aabe657e,0.6732470334412083,"{'batch_size': 128, 'num_CL': 2, 'size_CL': 3, 'kernel': 4, 'num_HL': 3, 'latent_dim': 92, 'opt_lr': 3.0897596616574726e-05, 'opt_wd': 4.390563267918689e-06}"
395462,b9014392,0.5453074433656957,"{'batch_size': 128, 'num_CL': 2, 'size_CL': 7, 'kernel': 4, 'num_HL': 2, 'latent_dim': 166, 'opt_lr': 0.00011340627294145079, 'opt_wd': 5.680021543629741e-06}"
395542,143fddf7,-0.1,"{'batch_size': 128, 'num_CL': 3, 'size_CL': 12, 'kernel': 4, 'num_HL': 3, 'latent_dim': 67, 'opt_lr': 3.4978876320180235e-05, 'opt_wd': 7.85572988188432e-06}"
400469,f2de5604,-0.1,"{'batch_size': 64, 'num_CL': 2, 'size_CL': 9, 'kernel': 3, 'num_HL': 3, 'latent_dim': 77, 'opt_lr': 6.51426892030696e-05, 'opt_wd': 3.03951395731019e-06}"
400503,19ecd351,-0.1,"{'batch_size': 128, 'num_CL': 4, 'size_CL': 14, 'kernel': 4, 'num_HL': 3, 'latent_dim': 125, 'opt_lr': 8.71418827554962e-05, 'opt_wd': 3.913043001216076e-06}"
406386,da25a826,0.575512405609493,"{'batch_size': 128, 'num_CL': 3, 'size_CL': 8, 'kernel': 4, 'num_HL': 3, 'latent_dim': 106, 'opt_lr': 1.695134712898019e-05, 'opt_wd': 1.6766047341896492e-06}"
407888,00a185eb,0.5756202804746493,"{'batch_size': 128, 'num_CL': 2, 'size_CL': 4, 'kernel': 3, 'num_HL': 2, 'latent_dim': 84, 'opt_lr': 2.343909468755361e-05, 'opt_wd': 4.241384751454537e-06}"
407969,b952fe2f,0.6483279395900755,"{'batch_size': 128, 'num_CL': 3, 'size_CL': 5, 'kernel': 4, 'num_HL': 3, 'latent_dim': 63, 'opt_lr': 7.287695410004945e-05, 'opt_wd': 2.7090540977051014e-06}"
408009,bdb67fc3,-0.1,"{'batch_size': 64, 'num_CL': 3, 'size_CL': 23, 'kernel': 2, 'num_HL': 2, 'latent_dim': 49, 'opt_lr': 1.1086315826615967e-05, 'opt_wd': 2.3863092614728248e-06}"
408046,58ef6e7c,-0.1,"{'batch_size': 128, 'num_CL': 2, 'size_CL': 18, 'kernel': 4, 'num_HL': 3, 'latent_dim': 98, 'opt_lr': 2.6854213978734024e-05, 'opt_wd': 6.382481282318427e-06}"
408123,8e1742cc,-0.1,"{'batch_size': 128, 'num_CL': 3, 'size_CL': 10, 'kernel': 3, 'num_HL': 4, 'latent_dim': 55, 'opt_lr': 7.762688359928309e-05, 'opt_wd': 5.1014030131668865e-06}"
408163,8b42a71c,-0.1,"{'batch_size': 128, 'num_CL': 4, 'size_CL': 16, 'kernel': 4, 'num_HL': 3, 'latent_dim': 69, 'opt_lr': 0.00017460067642589424, 'opt_wd': 3.2925682136396575e-06}"
411641,c3fffdd6,0.5988133764832794,"{'batch_size': 128, 'num_CL': 2, 'size_CL': 8, 'kernel': 2, 'num_HL': 2, 'latent_dim': 116, 'opt_lr': 0.00012336614541454325, 'opt_wd': 6.787078546235594e-06}"
415544,3dd6d6f5,0.5927723840345199,"{'batch_size': 128, 'num_CL': 3, 'size_CL': 5, 'kernel': 4, 'num_HL': 3, 'latent_dim': 25, 'opt_lr': 0.000434627384216942, 'opt_wd': 3.5741402496342972e-06}"
416403,2f0459ba,0.6998381877022654,"{'batch_size': 128, 'num_CL': 2, 'size_CL': 11, 'kernel': 4, 'num_HL': 3, 'latent_dim': 39, 'opt_lr': 3.990306066421717e-05, 'opt_wd': 8.474718861346892e-06}"
420819,6c704dbc,0.60361380798274,"{'batch_size': 128, 'num_CL': 2, 'size_CL': 13, 'kernel': 4, 'num_HL': 3, 'latent_dim': 42, 'opt_lr': 4.033040471255302e-05, 'opt_wd': 8.650265247919493e-06}"
423719,f5264024,0.6270226537216829,"{'batch_size': 64, 'num_CL': 3, 'size_CL': 3, 'kernel': 4, 'num_HL': 3, 'latent_dim': 60, 'opt_lr': 4.3639514007786557e-05, 'opt_wd': 4.837309386200064e-06}"
423758,c869e91d,-0.1,"{'batch_size': 128, 'num_CL': 2, 'size_CL': 15, 'kernel': 4, 'num_HL': 3, 'latent_dim': 35, 'opt_lr': 3.685261348659088e-05, 'opt_wd': 2.067325600863962e-06}"
423795,6282987b,-0.1,"{'batch_size': 128, 'num_CL': 2, 'size_CL': 19, 'kernel': 3, 'num_HL': 3, 'latent_dim': 12, 'opt_lr': 5.989415489079488e-05, 'opt_wd': 8.499563183852748e-06}"
423868,215ce62b,-0.1,"{'batch_size': 128, 'num_CL': 2, 'size_CL': 12, 'kernel': 2, 'num_HL': 3, 'latent_dim': 3, 'opt_lr': 4.754326050599373e-05, 'opt_wd': 2.8584066270137186e-06}"
423901,b06e50fe,-0.1,"{'batch_size': 64, 'num_CL': 2, 'size_CL': 15, 'kernel': 4, 'num_HL': 3, 'latent_dim': 17, 'opt_lr': 2.8191169329964968e-05, 'opt_wd': 9.52430859703922e-06}"
423939,d2e97065,-0.1,"{'batch_size': 128, 'num_CL': 2, 'size_CL': 14, 'kernel': 4, 'num_HL': 3, 'latent_dim': 39, 'opt_lr': 1.9738585221768994e-05, 'opt_wd': 3.424571243468695e-06}"
423973,e04fe5d7,-0.1,"{'batch_size': 128, 'num_CL': 2, 'size_CL': 13, 'kernel': 4, 'num_HL': 3, 'latent_dim': 28, 'opt_lr': 5.22264621507524e-05, 'opt_wd': 9.615681686183984e-07}"
424047,733cfa69,-0.1,"{'batch_size': 128, 'num_CL': 2, 'size_CL': 10, 'kernel': 3, 'num_HL': 4, 'latent_dim': 152, 'opt_lr': 1.4239367832542517e-05, 'opt_wd': 9.972320625394024e-06}"
424084,66544c15,-0.1,"{'batch_size': 128, 'num_CL': 2, 'size_CL': 16, 'kernel': 4, 'num_HL': 3, 'latent_dim': 32, 'opt_lr': 6.583381814372698e-05, 'opt_wd': 2.557078028631691e-06}"
424755,1dbc5db4,-0.1,"{'batch_size': 128, 'num_CL': 2, 'size_CL': 11, 'kernel': 4, 'num_HL': 3, 'latent_dim': 81, 'opt_lr': 2.2746437151762653e-05, 'opt_wd': 1.503436096962816e-06}"
425498,cfc718dd,0.6411003236245956,"{'batch_size': 128, 'num_CL': 2, 'size_CL': 11, 'kernel': 3, 'num_HL': 3, 'latent_dim': 21, 'opt_lr': 3.2522743373506426e-05, 'opt_wd': 9.15516594152286e-06}"
427500,3705af75,0.5849514563106797,"{'batch_size': 128, 'num_CL': 2, 'size_CL': 7, 'kernel': 2, 'num_HL': 4, 'latent_dim': 171, 'opt_lr': 1.256134275953577e-05, 'opt_wd': 9.718918749438265e-06}"
429340,3e2561f8,0.5844120819848975,"{'batch_size': 128, 'num_CL': 2, 'size_CL': 13, 'kernel': 3, 'num_HL': 3, 'latent_dim': 119, 'opt_lr': 4.0513082130271534e-05, 'opt_wd': 2.220306851464579e-06}"
432948,5d0f1c59,0.5569039913700108,"{'batch_size': 128, 'num_CL': 2, 'size_CL': 9, 'kernel': 4, 'num_HL': 3, 'latent_dim': 75, 'opt_lr': 5.670154830646313e-05, 'opt_wd': 1.9096448384553947e-06}"
438558,7c0a2fcc,0.6709816612729235,"{'batch_size': 64, 'num_CL': 2, 'size_CL': 9, 'kernel': 4, 'num_HL': 3, 'latent_dim': 136, 'opt_lr': 2.541954440069562e-05, 'opt_wd': 3.1525433850403844e-06}"
438597,2390c12e,-0.1,"{'batch_size': 128, 'num_CL': 2, 'size_CL': 14, 'kernel': 2, 'num_HL': 3, 'latent_dim': 7, 'opt_lr': 3.2895279823472325e-05, 'opt_wd': 3.976663480895303e-06}"
438635,4a959e2b,-0.1,"{'batch_size': 128, 'num_CL': 2, 'size_CL': 12, 'kernel': 4, 'num_HL': 3, 'latent_dim': 145, 'opt_lr': 0.00010474021923177506, 'opt_wd': 4.432537479091877e-06}"
438678,d5dbe0c8,-0.1,"{'batch_size': 64, 'num_CL': 2, 'size_CL': 21, 'kernel': 4, 'num_HL': 3, 'latent_dim': 14, 'opt_lr': 1.6104885015223873e-05, 'opt_wd': 3.751906726220484e-06}"
438719,c123c57d,-0.1,"{'batch_size': 128, 'num_CL': 2, 'size_CL': 15, 'kernel': 3, 'num_HL': 4, 'latent_dim': 103, 'opt_lr': 9.222762768471114e-05, 'opt_wd': 5.386053148357151e-06}"
443809,a6360780,-0.1,"{'batch_size': 128, 'num_CL': 2, 'size_CL': 11, 'kernel': 4, 'num_HL': 3, 'latent_dim': 47, 'opt_lr': 4.3888444822568574e-05, 'opt_wd': 7.109005657279192e-06}"
